2024,S,Other Services,h_200+,Total income,1100,DOLLARS(millions),,,,,,,,,
2024,S,Other Services,i_Industry_Total,Activity unit,26640,COUNT,,,,,,,,,
2024,S,Other Services,i_Industry_Total,Fixed tangible assets,6602,DOLLARS(millions),,,,,,,,,
2024,S,Other Services,i_Industry_Total,Operating profit before tax,1402,DOLLARS(millions),,,,,,,,,
2024,S,Other Services,i_Industry_Total,Rolling mean employees,74919,COUNT,,,,,,,,,
2024,S,Other Services,i_Industry_Total,Salaries and wages paid,5068,DOLLARS(millions),,,,,,,,,
2024,S,Other Services,i_Industry_Total,"Sales, government funding, grants and subsidies",14914,DOLLARS(millions),,,,,,,,,
2025,D,"Electricity, Gas, Water and Waste Services",d_10-19,Fixed tangible assets,806,DOLLARS(millions),,,,,,,,,
2025,D,"Electricity, Gas, Water and Waste Services",d_10-19,Operating profit before tax,40,DOLLARS(millions),,,,,,,,,
2025,D,"Electricity, Gas, Water and Waste Services",d_10-19,Rolling mean employees,1011,COUNT,,,,,,,,,
2025,D,"Electricity, Gas, Water and Waste Services",d_10-19,Salaries and wages paid,73,DOLLARS(millions),,,,,,,,,
2025,D,"Electricity, Gas, Water and Waste Services",d_10-19,"Sales, government funding, grants and subsidies",349,DOLLARS(millions),,,,,,,,,
2025,D,"Electricity, Gas, Water and Waste Services",d_10-19,Total assets,979,DOLLARS(millions),,,,,,,,,
2025,D,"Electricity, Gas, Water and Waste Services",d_10-19,Total expenditure,336,DOLLARS(millions),,,,,,,,,
2025,D,"Electricity, Gas, Water and Waste Services",d_10-19,Total income,363,DOLLARS(millions),,,,,,,,,
2025,D,"Electricity, Gas, Water and Waste Services",e_20-49,Activity unit,48,COUNT,,,,,,,,,
2025,D,"Electricity, Gas, Water and Waste Services",e_20-49,Fixed tangible assets,2186,DOLLARS(millions),,,,,,,,,
2025,D,"Electricity, Gas, Water and Waste Services",e_20-49,Operating profit before tax,172,DOLLARS(millions),,,,,,,,,
2025,D,"Electricity, Gas, Water and Waste Services",e_20-49,Rolling mean employees,1365,COUNT,,,,,,,,,
2025,D,"Electricity, Gas, Water and Waste Services",e_20-49,Salaries and wages paid,135,DOLLARS(millions),,,,,,,,,
2025,D,"Electricity, Gas, Water and Waste Services",e_20-49,"Sales, government funding, grants and subsidies",1233,DOLLARS(millions),,,,,,,,,
2025,D,"Electricity, Gas, Water and Waste Services",e_20-49,Total assets,3209,DOLLARS(millions),,,,,,,,,
2025,D,"Electricity, Gas, Water and Waste Services",e_20-49,Total expenditure,1169,DOLLARS(millions),,,,,,,,,
2025,D,"Electricity, Gas, Water and Waste Services",e_20-49,Total income,1357,DOLLARS(millions),,,,,,,,,
2025,D,"Electricity, Gas, Water and Waste Services",f_50-99,Activity unit,15,COUNT,,,,,,,,,
2025,D,"Electricity, Gas, Water and Waste Services",f_50-99,Fixed tangible assets,414,DOLLARS(millions),,,,,,,,,
2025,D,"Electricity, Gas, Water and Waste Services",f_50-99,Operating profit before tax,18,DOLLARS(millions),,,,,,,,,
2025,D,"Electricity, Gas, Water and Waste Services",f_50-99,Rolling mean employees,1083,COUNT,,,,,,,,,
2025,D,"Electricity, Gas, Water and Waste Services",f_50-99,Salaries and wages paid,89,DOLLARS(millions),,,,,,,,,
2025,D,"Electricity, Gas, Water and Waste Services",f_50-99,"Sales, government funding, grants and subsidies",595,DOLLARS(millions),,,,,,,,,
2025,D,"Electricity, Gas, Water and Waste Services",f_50-99,Total assets,698,DOLLARS(millions),,,,,,,,,
2025,D,"Electricity, Gas, Water and Waste Services",f_50-99,Total expenditure,588,DOLLARS(millions),,,,,,,,,
2025,D,"Electricity, Gas, Water and Waste Services",f_50-99,Total income,618,DOLLARS(millions),,,,,,,,,
2025,D,"Electricity, Gas, Water and Waste Services",g_100-199,Activity unit,15,COUNT,,,,,,,,,
2025,D,"Electricity, Gas, Water and Waste Services",g_100-199,Fixed tangible assets,3282,DOLLARS(millions),,,,,,,,,
2025,D,"Electricity, Gas, Water and Waste Services",g_100-199,Operating profit before tax,120,DOLLARS(millions),,,,,,,,,
2025,D,"Electricity, Gas, Water and Waste Services",g_100-199,Rolling mean employees,2181,COUNT,,,,,,,,,
2025,D,"Electricity, Gas, Water and Waste Services",g_100-199,Salaries and wages paid,176,DOLLARS(millions),,,,,,,,,
2025,D,"Electricity, Gas, Water and Waste Services",g_100-199,"Sales, government funding, grants and subsidies",895,DOLLARS(millions),,,,,,,,,
2025,D,"Electricity, Gas, Water and Waste Services",g_100-199,Total assets,4084,DOLLARS(millions),,,,,,,,,
2025,D,"Electricity, Gas, Water and Waste Services",g_100-199,Total expenditure,862,DOLLARS(millions),,,,,,,,,
2025,D,"Electricity, Gas, Water and Waste Services",g_100-199,Total income,965,DOLLARS(millions),,,,,,,,,
2025,D,"Electricity, Gas, Water and Waste Services",h_200+,Activity unit,24,COUNT,,,,,,,,,
2025,D,"Electricity, Gas, Water and Waste Services",h_200+,Fixed tangible assets,73040,DOLLARS(millions),,,,,,,,,
2025,D,"Electricity, Gas, Water and Waste Services",h_200+,Operating profit before tax,3965,DOLLARS(millions),,,,,,,,,
2025,I,"Transport, Postal and Warehousing",i_Industry_Total,Total assets,72449,DOLLARS(millions),,,,,,,,,
2025,J,Information Media and Telecommunications,i_Industry_Total,Salaries and wages paid,3141,DOLLARS(millions),,,,,,,,,
2025,J,Information Media and Telecommunications,i_Industry_Total,"Sales, government funding, grants and subsidies",C,DOLLARS(millions),,,,,,,,,
2025,J,Information Media and Telecommunications,i_Industry_Total,Total assets,31900,DOLLARS(millions),,,,,,,,,
2025,J,Information Media and Telecommunications,i_Industry_Total,Total expenditure,16671,DOLLARS(millions),,,,,,,,,
2025,J,Information Media and Telecommunications,i_Industry_Total,Total income,18721,DOLLARS(millions),,,,,,,,,
2025,K,Financial and Insurance Services,a_0,Activity unit,33243,COUNT,,,,,,,,,
2025,K,Financial and Insurance Services,a_0,Fixed tangible assets,38164,DOLLARS(millions),,,,,,,,,
2025,K,Financial and Insurance Services,a_0,Operating profit before tax,17780,DOLLARS(millions),,,,,,,,,
2025,K,Financial and Insurance Services,a_0,Rolling mean employees,0,COUNT,,,,,,,,,
2025,K,Financial and Insurance Services,a_0,Salaries and wages paid,681,DOLLARS(millions),,,,,,,,,
2025,P,Education and Training,a_0,Activity unit,4596,COUNT,,,,,,,,,
2025,P,Education and Training,a_0,Fixed tangible assets,449,DOLLARS(millions),,,,,,,,,
2025,P,Education and Training,a_0,Operating profit before tax,146,DOLLARS(millions),,,,,,,,,
2025,P,Education and Training,a_0,Rolling mean employees,0,COUNT,,,,,,,,,
2025,P,Education and Training,a_0,Salaries and wages paid,212,DOLLARS(millions),,,,,,,,,
2025,P,Education and Training,a_0,"Sales, government funding, grants and subsidies",695,DOLLARS(millions),,,,,,,,,
2025,P,Education and Training,a_0,Total assets,1052,DOLLARS(millions),,,,,,,,,
2025,P,Education and Training,a_0,Total expenditure,630,DOLLARS(millions),,,,,,,,,
2025,P,Education and Training,a_0,Total income,794,DOLLARS(millions),,,,,,,,,
2025,P,Education and Training,b_1-5,Activity unit,1680,COUNT,,,,,,,,,
2025,P,Education and Training,b_1-5,Fixed tangible assets,178,DOLLARS(millions),,,,,,,,,

2025,S,Other Services,i_Industry_Total,Rolling mean employees,74961,COUNT,,,,,,,,,
2025,S,Other Services,i_Industry_Total,Salaries and wages paid,5340,DOLLARS(millions),,,,,,,,,
2025,S,Other Services,i_Industry_Total,"Sales, government funding, grants and subsidies",15037,DOLLARS(millions),,,,,,,,,
2025,S,Other Services,i_Industry_Total,Total assets,24751,DOLLARS(millions),,,,,,,,,
2025,S,Other Services,i_Industry_Total,Total expenditure,15785,DOLLARS(millions),,,,,,,,,
2025,S,Other Services,i_Industry_Total,Total income,17311,DOLLARS(millions),,,,,,,,,
2025,all,All Industries,j_Grand_Total,Activity unit,548349,COUNT,,,,,,,,,
2025,all,All Industries,j_Grand_Total,Fixed tangible assets,774041,DOLLARS(millions),,,,,,,,,
2025,all,All Industries,j_Grand_Total,Operating profit before tax,101272,DOLLARS(millions),,,,,,,,,
2025,all,All Industries,j_Grand_Total,Rolling mean employees,1998885,COUNT,,,,,,,,,
2025,all,All Industries,j_Grand_Total,Salaries and wages paid,160833,DOLLARS(millions),,,,,,,,,
2025,all,All Industries,j_Grand_Total,"Sales, government funding, grants and subsidies",854561,DOLLARS(millions),,,,,,,,,
2025,all,All Industries,j_Grand_Total,Total assets,3068548,DOLLARS(millions),,,,,,,,,
2025,all,All Industries,j_Grand_Total,Total expenditure,867750,DOLLARS(millions),,,,,,,,,
2025,all,All Industries,j_Grand_Total,Total income,976077,DOLLARS(millions),,,,,,,,,
